{
    "character" : "Genesis9",
    "center" :  [ 0, 97.13693, 0.4865389 ],
    "pose" : {
        "hip" : [
            [-1.5708,0,0],
            [0,0,0],
            "YZX"
        ],
        "pelvis" : [
            [-1.5708,0,0],
            [0,0,0],
            "YZX"
        ],
        "l_thigh" : [
            [-1.541,-0.043098,0.086482],
            [1.9217,4.9505,2.4786],
            "YZX"
        ],
        "l_shin" : [
            [-1.506,-0.042908,0.1191],
            [4.006,6.8178,2.4759],
            "YZX"
        ],
        "l_foot" : [
            [-2.7815,-0.014823,0.24664],
            [20.846,14.13,0.8758],
            "ZYX"
        ],
        "l_toes" : [
            [3.1378,-0.014894,0.24664],
            [0,14.13,0.88],
            "ZYX"
        ],
        "l_bigtoe1" : [
            [-2.9589,-0.020897,0.31607],
            [10.861,18.105,1.2596],
            "ZYX"
        ],
        "l_bigtoe2" : [
            [-2.972,-0.020946,0.30857],
            [10.098,17.676,1.2596],
            "ZYX"
        ],
        "l_indextoe1" : [
            [-2.9657,-0.020755,0.26015],
            [10.394,14.902,1.2306],
            "ZYX"
        ],
        "l_indextoe2" : [
            [-2.7618,-0.02095,0.22196],
            [22.031,12.715,1.2306],
            "ZYX"
        ],
        "l_midtoe1" : [
            [-2.9151,-0.019216,0.20753],
            [13.212,11.888,1.1252],
            "ZYX"
        ],
        "l_midtoe2" : [
            [-2.6862,-0.019233,0.20333],
            [26.317,11.648,1.1252],
            "ZYX"
        ],
        "l_ringtoe1" : [
            [-2.9009,0.027889,0.27387],
            [13.339,15.685,-1.6596],
            "ZYX"
        ],
        "l_ringtoe2" : [
            [-2.6509,0.02823,0.2262],
            [27.741,12.955,-1.6596],
            "ZYX"
        ],
        "l_pinkytoe1" : [
            [-2.8505,0.10075,0.10636],
            [16.065,6.0628,-5.8048],
            "ZYX"
        ],
        "l_pinkytoe2" : [
            [-2.6305,0.10094,0.08603],
            [28.783,4.904,-5.8048],
            "ZYX"
        ],
        "l_metatarsal" : [
            [-2.7815,-0.014823,0.24664],
            [20.846,14.13,0.8758],
            "ZYX"
        ],
        "l_thightwist1" : [
            [-1.541,-0.043098,0.086482],
            [1.9217,4.9505,2.4786],
            "YZX"
        ],
        "l_thightwist2" : [
            [-1.541,-0.043098,0.086482],
            [1.9217,4.9505,2.4786],
            "YZX"
        ],
        "r_thigh" : [
            [-1.541,0.043098,-0.086482],
            [1.9217,-4.9505,-2.4786],
            "YZX"
        ],
        "r_shin" : [
            [-1.506,0.042908,-0.1191],
            [4.006,-6.8178,-2.4759],
            "YZX"
        ],
        "r_foot" : [
            [-2.7815,0.014823,-0.24664],
            [20.846,-14.13,-0.8758],
            "ZYX"
        ],
        "r_toes" : [
            [3.1378,0.014894,-0.24664],
            [0,-14.13,-0.88],
            "ZYX"
        ],
        "r_bigtoe1" : [
            [-2.9589,0.020897,-0.31607],
            [10.861,-18.105,-1.2596],
            "ZYX"
        ],
        "r_bigtoe2" : [
            [-2.972,0.020946,-0.30857],
            [10.098,-17.676,-1.2596],
            "ZYX"
        ],
        "r_indextoe1" : [
            [-2.9657,0.020755,-0.26015],
            [10.394,-14.902,-1.2306],
            "ZYX"
        ],
        "r_indextoe2" : [
            [-2.7618,0.02095,-0.22196],
            [22.031,-12.715,-1.2306],
            "ZYX"
        ],
        "r_midtoe1" : [
            [-2.9151,0.019216,-0.20753],
            [13.212,-11.888,-1.1252],
            "ZYX"
        ],
        "r_midtoe2" : [
            [-2.6862,0.019233,-0.20333],
            [26.317,-11.648,-1.1252],
            "ZYX"
        ],
        "r_ringtoe1" : [
            [-2.9009,-0.027889,-0.27387],
            [13.339,-15.685,1.6596],
            "ZYX"
        ],
        "r_ringtoe2" : [
            [-2.6509,-0.02823,-0.2262],
            [27.741,-12.955,1.6596],
            "ZYX"
        ],
        "r_pinkytoe1" : [
            [-2.8505,-0.10075,-0.10636],
            [16.065,-6.0628,5.8048],
            "ZYX"
        ],
        "r_pinkytoe2" : [
            [-2.6305,-0.10094,-0.08603],
            [28.783,-4.904,5.8048],
            "ZYX"
        ],
        "r_metatarsal" : [
            [-2.7815,0.014823,-0.24664],
            [20.846,-14.13,-0.8758],
            "ZYX"
        ],
        "r_thightwist1" : [
            [-1.541,0.043098,-0.086482],
            [1.9217,-4.9505,-2.4786],
            "YZX"
        ],
        "r_thightwist2" : [
            [-1.541,0.043098,-0.086482],
            [1.9217,-4.9505,-2.4786],
            "YZX"
        ],
        "spine1" : [
            [1.5708,0,0],
            [0,0,0],
            "YZX"
        ],
        "spine2" : [
            [1.5708,0,0],
            [0,0,0],
            "YZX"
        ],
        "spine3" : [
            [1.5708,0,0],
            [0,0,0],
            "YZX"
        ],
        "spine4" : [
            [1.5708,0,0],
            [0,0,0],
            "YZX"
        ],
        "l_shoulder" : [
            [0.030528,-0.00093577,-1.5095],
            [0.053704,3.5104,1.7524],
            "XYZ"
        ],
        "l_upperarm" : [
            [1.5716,2.4069,-0.02888],
            [1.228,-1.1531,-47.92],
            "XYZ"
        ],
        "l_forearm" : [
            [1.792,2.3019,-0.029333],
            [1.1561,-13.924,-42.156],
            "XZY"
        ],
        "l_hand" : [
            [1.7919,2.302,-0.029432],
            [1.16,-13.92,-42.16],
            "XYZ"
        ],
        "l_hand_anchor" : [
            [-3.1416,-0.72815,0],
            [0,0,41.72],
            "ZYX"
        ],
        "l_thumb1" : [
            [-2.5456,-0.16136,0.1609],
            [-15.367,-53.367,-68.198],
            "XZY"
        ],
        "l_thumb2" : [
            [-2.2047,-0.14355,0.30926],
            [-20.792,-31.946,-70.011],
            "XZY"
        ],
        "l_thumb3" : [
            [-2.4229,-0.16125,0.30501],
            [-24.047,-43.329,-63.299],
            "XZY"
        ],
        "l_indexmetacarpal" : [
            [-2.3214,0.1876,1.3597],
            [1.719,-16.038,-48.378],
            "XYZ"
        ],
        "l_index1" : [
            [-2.2619,0.074874,1.4338],
            [3.3621,-8.2891,-50.944],
            "XYZ"
        ],
        "l_index2" : [
            [-2.2515,0.062949,1.4872],
            [1.463,-5.8105,-51.222],
            "XYZ"
        ],
        "l_index3" : [
            [-2.2289,0.05737,1.4945],
            [1.459,-5.2711,-52.484],
            "XYZ"
        ],
        "l_midmetacarpal" : [
            [-2.3227,0.079138,1.4641],
            [1.3923,-7.4783,-47.252],
            "XYZ"
        ],
        "l_mid1" : [
            [-2.3106,0.030282,1.5002],
            [1.8237,-4.0061,-47.74],
            "XYZ"
        ],
        "l_mid2" : [
            [-2.2023,0.042192,1.5082],
            [1.4739,-4.0669,-53.946],
            "XYZ"
        ],
        "l_mid3" : [
            [-2.3217,0.015293,1.5278],
            [1.2028,-2.3196,-47.019],
            "XYZ"
        ],
        "l_ringmetacarpal" : [
            [-2.2828,0.00048547,1.5442],
            [1.1372,-1.0179,-49.218],
            "XYZ"
        ],
        "l_ring1" : [
            [-2.2692,-0.03105,1.5581],
            [1.7018,0.89403,-49.961],
            "XYZ"
        ],
        "l_ring2" : [
            [-2.2622,-0.053821,1.5355],
            [3.5229,1.0852,-50.299],
            "XYZ"
        ],
        "l_ring3" : [
            [-2.2717,-0.026714,1.5679],
            [1.1156,1.0613,-49.831],
            "XYZ"
        ],
        "l_pinkymetacarpal" : [
            [-2.1965,-0.10263,1.6299],
            [0.69556,6.7459,-54.282],
            "XYZ"
        ],
        "l_pinky1" : [
            [-2.2815,-0.082606,1.5951],
            [2.035,4.4946,-49.257],
            "XYZ"
        ],