{
    "GZM_Knuckle" : {
        "verts" : [[0, 0, 0], [0, 0, -0.0804117], [0, 0.012155, -0.111412], [0, 0.028155, -0.140412], [0, 0.048155, -0.165412], [0, 0.074155, -0.186412], [0, 0.102155, -0.201412], [0, 0.134155, -0.210412], [0, 0.166155, -0.214412], [0, 0.198155, -0.210412], [0, 0.241173, -0.195402], [0, 0.274181, -0.173391], [0, 0.298178, -0.137367], [0, 0.314171, -0.0963409], [0, 0.320155, -0.0545867], [0, 1, -0.0555867], [0, 1, 0], [0, 0, 0]],
        "edges" : [[0, 1], [1, 2], [2, 3], [3, 4], [4, 5], [5, 6], [6, 7], [7, 8], [8, 9], [9, 10], [10, 11], [11, 12], [12, 13], [13, 14], [14, 15], [15, 16], [0, 17]]
    }
}