{
    "character" : "Genesis9",
    "pose" : {
        "l_thigh" : [
            [-1.628,-0.035407,0.089898],
            [1.9217,4.9505,2.4786],
            "YZX"
        ],
        "l_shin" : [
            [-1.506,-0.042908,0.1191],
            [4.006,6.8178,2.4759],
            "YZX"
        ],
        "r_thigh" : [
            [-1.628,0.035407,-0.089898],
            [1.9217,-4.9505,-2.4786],
            "YZX"
        ],
        "r_shin" : [
            [-1.506,0.042908,-0.1191],
            [4.006,-6.8178,-2.4759],
            "YZX"
        ]
    }
}
